{
    "name": "root",
    "gauges": {
        "DriveTank.Policy.Entropy.mean": {
            "value": 0.3779827058315277,
            "min": 0.3779827058315277,
            "max": 0.6365485191345215,
            "count": 16
        },
        "DriveTank.Policy.Entropy.sum": {
            "value": 3772.267333984375,
            "min": 3772.267333984375,
            "max": 6434.232421875,
            "count": 16
        },
        "DriveTank.Step.mean": {
            "value": 159956.0,
            "min": 9953.0,
            "max": 159956.0,
            "count": 16
        },
        "DriveTank.Step.sum": {
            "value": 159956.0,
            "min": 9953.0,
            "max": 159956.0,
            "count": 16
        },
        "DriveTank.Policy.ExtrinsicValueEstimate.mean": {
            "value": 0.08204980194568634,
            "min": -0.11413568258285522,
            "max": 0.21037666499614716,
            "count": 16
        },
        "DriveTank.Policy.ExtrinsicValueEstimate.sum": {
            "value": 13.210018157958984,
            "min": -18.604116439819336,
            "max": 34.6795654296875,
            "count": 16
        },
        "DriveTank.Policy.GailValueEstimate.mean": {
            "value": 4.562157154083252,
            "min": 4.231173038482666,
            "max": 9.405235290527344,
            "count": 16
        },
        "DriveTank.Policy.GailValueEstimate.sum": {
            "value": 734.50732421875,
            "min": 693.912353515625,
            "max": 1551.86376953125,
            "count": 16
        },
        "DriveTank.Environment.EpisodeLength.mean": {
            "value": 1493.625,
            "min": 314.8695652173913,
            "max": 1493.625,
            "count": 16
        },
        "DriveTank.Environment.EpisodeLength.sum": {
            "value": 11949.0,
            "min": 6651.0,
            "max": 13343.0,
            "count": 16
        },
        "DriveTank.Environment.CumulativeReward.mean": {
            "value": -0.4821111559867859,
            "min": -0.7562454342842102,
            "max": 0.5811256170272827,
            "count": 16
        },
        "DriveTank.Environment.CumulativeReward.sum": {
            "value": -3.856889247894287,
            "min": -13.011070221662521,
            "max": 5.463141292333603,
            "count": 16
        },
        "DriveTank.Policy.ExtrinsicReward.mean": {
            "value": -0.4821111559867859,
            "min": -0.7562454342842102,
            "max": 0.5811256170272827,
            "count": 16
        },
        "DriveTank.Policy.ExtrinsicReward.sum": {
            "value": -3.856889247894287,
            "min": -13.011070221662521,
            "max": 5.463141292333603,
            "count": 16
        },
        "DriveTank.Policy.GailReward.mean": {
            "value": 72.10604803450406,
            "min": 29.58933018212733,
            "max": 80.60560944014125,
            "count": 16
        },
        "DriveTank.Policy.GailReward.sum": {
            "value": 576.8483842760324,
            "min": 415.2350608110428,
            "max": 929.2236369401217,
            "count": 16
        },
        "DriveTank.Losses.PolicyLoss.mean": {
            "value": 0.040686973851795,
            "min": 0.03627406880776915,
            "max": 0.047028324424496136,
            "count": 16
        },
        "DriveTank.Losses.PolicyLoss.sum": {
            "value": 0.40686973851795,
            "min": 0.3264666192699224,
            "max": 0.4567201844571779,
            "count": 16
        },
        "DriveTank.Losses.ValueLoss.mean": {
            "value": 0.31812862971176703,
            "min": 0.24490364523673502,
            "max": 3.525302424474999,
            "count": 16
        },
        "DriveTank.Losses.ValueLoss.sum": {
            "value": 3.1812862971176705,
            "min": 2.204132807130615,
            "max": 31.72772182027499,
            "count": 16
        },
        "DriveTank.Policy.LearningRate.mean": {
            "value": 0.00020698809100398,
            "min": 0.00020698809100398,
            "max": 0.00029686473437842215,
            "count": 16
        },
        "DriveTank.Policy.LearningRate.sum": {
            "value": 0.0020698809100398,
            "min": 0.0019177784607406,
            "max": 0.0027913074695642,
            "count": 16
        },
        "DriveTank.Policy.Epsilon.mean": {
            "value": 0.16899602000000002,
            "min": 0.16899602000000002,
            "max": 0.19895491111111113,
            "count": 16
        },
        "DriveTank.Policy.Epsilon.sum": {
            "value": 1.6899602000000002,
            "min": 1.5392593999999997,
            "max": 1.9304358000000004,
            "count": 16
        },
        "DriveTank.Policy.Beta.mean": {
            "value": 0.00034808049800000003,
            "min": 0.00034808049800000003,
            "max": 0.0004948790644444444,
            "count": 16
        },
        "DriveTank.Policy.Beta.sum": {
            "value": 0.0034808049800000005,
            "min": 0.00322237106,
            "max": 0.00465913542,
            "count": 16
        },
        "DriveTank.Policy.GAILPolicyEstimate.mean": {
            "value": 0.08122128825634718,
            "min": 0.08122128825634718,
            "max": 0.15044158635040125,
            "count": 16
        },
        "DriveTank.Policy.GAILPolicyEstimate.sum": {
            "value": 0.8122128825634718,
            "min": 0.8030381047477325,
            "max": 1.3539742771536112,
            "count": 16
        },
        "DriveTank.Policy.GAILExpertEstimate.mean": {
            "value": 0.8844131400187809,
            "min": 0.8707988665059762,
            "max": 0.8904125055781118,
            "count": 16
        },
        "DriveTank.Policy.GAILExpertEstimate.sum": {
            "value": 8.844131400187809,
            "min": 7.837189798553785,
            "max": 8.900528942545254,
            "count": 16
        },
        "DriveTank.Losses.GAILLoss.mean": {
            "value": 0.2116351705044508,
            "min": 0.2116351705044508,
            "max": 0.31531281038014974,
            "count": 16
        },
        "DriveTank.Losses.GAILLoss.sum": {
            "value": 2.116351705044508,
            "min": 1.9653239821394286,
            "max": 2.8378152934213476,
            "count": 16
        },
        "DriveTank.Policy.GAILGradMagLoss.mean": {
            "value": 0.34993571043014526,
            "min": 0.34126542715562713,
            "max": 0.5710185584094789,
            "count": 16
        },
        "DriveTank.Policy.GAILGradMagLoss.sum": {
            "value": 3.4993571043014526,
            "min": 3.0713888444006443,
            "max": 5.13916702568531,
            "count": 16
        },
        "DriveTank.Losses.PretrainingLoss.mean": {
            "value": 0.16945354354878267,
            "min": 0.16945354354878267,
            "max": 0.255303817352763,
            "count": 16
        },
        "DriveTank.Losses.PretrainingLoss.sum": {
            "value": 1.6945354354878266,
            "min": 1.5745972655713556,
            "max": 2.351068180054426,
            "count": 16
        },
        "DriveTank.IsTraining.mean": {
            "value": 1.0,
            "min": 1.0,
            "max": 1.0,
            "count": 16
        },
        "DriveTank.IsTraining.sum": {
            "value": 1.0,
            "min": 1.0,
            "max": 1.0,
            "count": 16
        }
    },
    "metadata": {
        "timer_format_version": "0.1.0",
        "start_time_seconds": "1646688834",
        "python_version": "3.7.9 (tags/v3.7.9:13c94747c7, Aug 17 2020, 18:58:18) [MSC v.1900 64 bit (AMD64)]",
        "command_line_arguments": "D:\\Unity Projects\\NeuralNetwork\\venv\\Scripts\\mlagents-learn config/move.yaml --initialize-from=Imitation --run-id=MoveTo3",
        "mlagents_version": "0.28.0",
        "mlagents_envs_version": "0.28.0",
        "communication_protocol_version": "1.5.0",