{
    "name": "root",
    "gauges": {
        "DriveTank.Policy.Entropy.mean": {
            "value": 0.6503250002861023,
            "min": 0.6503250002861023,
            "max": 1.2352879047393799,
            "count": 41
        },
        "DriveTank.Policy.Entropy.sum": {
            "value": 6505.8515625,
            "min": 1581.16845703125,
            "max": 12181.6787109375,
            "count": 41
        },
        "DriveTank.Step.mean": {
            "value": 499973.0,
            "min": 99967.0,
            "max": 499973.0,
            "count": 41
        },
        "DriveTank.Step.sum": {
            "value": 499973.0,
            "min": 99967.0,
            "max": 499973.0,
            "count": 41
        },
        "DriveTank.Policy.ExtrinsicValueEstimate.mean": {
            "value": 0.21983455121517181,
            "min": -0.8638896346092224,
            "max": 0.605751633644104,
            "count": 41
        },
        "DriveTank.Policy.ExtrinsicValueEstimate.sum": {
            "value": 37.15203857421875,
            "min": -140.8140106201172,
            "max": 102.37202453613281,
            "count": 41
        },
        "DriveTank.Policy.GailValueEstimate.mean": {
            "value": 24.372827529907227,
            "min": 21.581314086914062,
            "max": 35.9360237121582,
            "count": 41
        },
        "DriveTank.Policy.GailValueEstimate.sum": {
            "value": 4119.0078125,
            "min": 610.9124145507812,
            "max": 4976.99609375,
            "count": 41
        },
        "DriveTank.Environment.EpisodeLength.mean": {
            "value": 414.46153846153845,
            "min": 191.93617021276594,
            "max": 800.0,
            "count": 41
        },
        "DriveTank.Environment.EpisodeLength.sum": {
            "value": 10776.0,
            "min": 211.0,
            "max": 13679.0,
            "count": 41
        },
        "DriveTank.Environment.CumulativeReward.mean": {
            "value": 0.9071793567675811,
            "min": 0.6522259256419014,
            "max": 1.8628709284322602,
            "count": 41
        },
        "DriveTank.Environment.CumulativeReward.sum": {
            "value": 23.586663275957108,
            "min": 1.0,
            "max": 65.2379734814167,
            "count": 41
        },
        "DriveTank.Policy.ExtrinsicReward.mean": {
            "value": 0.9071793567675811,
            "min": 0.6522259256419014,
            "max": 1.8628709284322602,
            "count": 41
        },
        "DriveTank.Policy.ExtrinsicReward.sum": {
            "value": 23.586663275957108,
            "min": 1.0,
            "max": 65.2379734814167,
            "count": 41
        },
        "DriveTank.Policy.GailReward.mean": {
            "value": 138.4751322487226,
            "min": 61.841695387312704,
            "max": 241.05455470936639,
            "count": 41
        },
        "DriveTank.Policy.GailReward.sum": {
            "value": 3600.3534384667873,
            "min": 180.59936141967773,
            "max": 4164.3027111291885,
            "count": 41
        },
        "DriveTank.Losses.PolicyLoss.mean": {
            "value": 0.03778194715441377,
            "min": 0.03629831067734847,
            "max": 0.05442348910340418,
            "count": 41
        },
        "DriveTank.Losses.PolicyLoss.sum": {
            "value": 0.3400375243897239,
            "min": 0.04665405466221273,
            "max": 0.5442348910340418,
            "count": 41
        },
        "DriveTank.Losses.ValueLoss.mean": {
            "value": 28.416415982776215,
            "min": 11.863204102825234,
            "max": 39.18803691864014,
            "count": 41
        },
        "DriveTank.Losses.ValueLoss.sum": {
            "value": 255.74774384498593,
            "min": 23.412216742833454,
            "max": 391.88036918640137,
            "count": 41
        },
        "DriveTank.Policy.LearningRate.mean": {
            "value": 3.1122989625999946e-06,
            "min": 3.1122989625999946e-06,
            "max": 0.00024001981999340004,
            "count": 41
        },
        "DriveTank.Policy.LearningRate.sum": {
            "value": 2.801069066339995e-05,
            "min": 2.801069066339995e-05,
            "max": 0.0022489964503346,
            "count": 41
        },
        "DriveTank.Policy.Epsilon.mean": {
            "value": 0.1010374,
            "min": 0.1010374,
            "max": 0.18000660000000002,
            "count": 41
        },
        "DriveTank.Policy.Epsilon.sum": {
            "value": 0.9093366,
            "min": 0.18000660000000002,
            "max": 1.7496654,
            "count": 41
        },
        "DriveTank.Policy.Beta.mean": {
            "value": 1.508325999999999e-05,
            "min": 1.508325999999999e-05,
            "max": 0.00040203233999999986,
            "count": 41
        },
        "DriveTank.Policy.Beta.sum": {
            "value": 0.00013574933999999992,
            "min": 0.00013574933999999992,
            "max": 0.00377336046,
            "count": 41
        },
        "DriveTank.Policy.GAILPolicyEstimate.mean": {
            "value": 0.2891410291194916,
            "min": 0.25621781821052236,
            "max": 0.3868154287338257,
            "count": 41
        },
        "DriveTank.Policy.GAILPolicyEstimate.sum": {
            "value": 2.602269262075424,
            "min": 0.3868154287338257,
            "max": 3.345300783713659,
            "count": 41
        },
        "DriveTank.Policy.GAILExpertEstimate.mean": {
            "value": 0.8012059104663355,
            "min": 0.6776025543610255,
            "max": 0.8137662972013155,
            "count": 41
        },
        "DriveTank.Policy.GAILExpertEstimate.sum": {
            "value": 7.2108531941970195,
            "min": 0.6776025543610255,
            "max": 8.137662972013155,
            "count": 41
        },
        "DriveTank.Losses.GAILLoss.mean": {
            "value": 0.6163256449831858,
            "min": 0.5444541429479917,
            "max": 0.9768986999988556,
            "count": 41
        },
        "DriveTank.Losses.GAILLoss.sum": {
            "value": 5.546930804848672,
            "min": 0.9768986999988556,
            "max": 7.486733828981717,
            "count": 41
        },
        "DriveTank.Policy.GAILGradMagLoss.mean": {
            "value": 0.4683460480085125,
            "min": 0.43813079198201504,
            "max": 0.5791385943690935,
            "count": 41
        },
        "DriveTank.Policy.GAILGradMagLoss.sum": {
            "value": 4.2151144320766125,
            "min": 0.5791385943690935,
            "max": 5.08305770655473,
            "count": 41
        },
        "DriveTank.Losses.PretrainingLoss.mean": {
            "value": 0.2603234909474849,
            "min": 0.2603234909474849,
            "max": 0.7347159634033839,
            "count": 41
        },
        "DriveTank.Losses.PretrainingLoss.sum": {
            "value": 2.3429114185273643,
            "min": 0.7335260609785715,
            "max": 6.841299682855606,
            "count": 41
        },
        "DriveTank.IsTraining.mean": {
            "value": 1.0,
            "min": 1.0,
            "max": 1.0,
            "count": 41
        },
        "DriveTank.IsTraining.sum": {
            "value": 1.0,
            "min": 1.0,
            "max": 1.0,
            "count": 41
        }
    },
    "metadata": {
        "timer_format_version": "0.1.0",
        "start_time_seconds": "1646686732",
        "python_version": "3.7.9 (tags/v3.7.9:13c94747c7, Aug 17 2020, 18:58:18) [MSC v.1900 64 bit (AMD64)]",
        "command_line_arguments": "D:\\Unity Projects\\NeuralNetwork\\venv\\Scripts\\mlagents-learn config/move.yaml --run-id=Imitation --resume",
        "mlagents_version": "0.28.0",
        "mlagents_envs_version": "0.28.0",
        "communication_protocol_version": "1.5.0",
        "pytorch_version": "1.7.1+cu110",