{
    "name": "root",
    "gauges": {
        "MoveToShow.Policy.Entropy.mean": {
            "value": 1.3423901796340942,
            "min": 1.3420923948287964,
            "max": 1.4228696823120117,
            "count": 652
        },
        "MoveToShow.Policy.Entropy.sum": {
            "value": 1546.4334716796875,
            "min": 1433.2454833984375,
            "max": 179444.609375,
            "count": 652
        },
        "MoveToShow.Step.mean": {
            "value": 14139906.0,
            "min": 19968.0,
            "max": 14139906.0,
            "count": 707
        },
        "MoveToShow.Step.sum": {
            "value": 14139906.0,
            "min": 19968.0,
            "max": 14139906.0,
            "count": 707
        },
        "MoveToShow.Policy.ExtrinsicValueEstimate.mean": {
            "value": -52.7509651184082,
            "min": -3293.035400390625,
            "max": 338.7713623046875,
            "count": 707
        },
        "MoveToShow.Policy.ExtrinsicValueEstimate.sum": {
            "value": -8229.150390625,
            "min": -724467.8125,
            "max": 53187.1015625,
            "count": 707
        },
        "MoveToShow.IsTraining.mean": {
            "value": 1.0,
            "min": 1.0,
            "max": 1.0,
            "count": 707
        },
        "MoveToShow.IsTraining.sum": {
            "value": 1.0,
            "min": 1.0,
            "max": 1.0,
            "count": 707
        },
        "MoveToShow.Losses.PolicyLoss.mean": {
            "value": 0.018450667667720053,
            "min": 0.007766250055283308,
            "max": 0.037411691886114165,
            "count": 651
        },
        "MoveToShow.Losses.PolicyLoss.sum": {
            "value": 0.018450667667720053,
            "min": 0.007766250055283308,
            "max": 0.07970394551133116,
            "count": 651
        },
        "MoveToShow.Losses.ValueLoss.mean": {
            "value": 21130.719184027777,
            "min": 578.1769154866537,
            "max": 657379.0737847222,
            "count": 651
        },
        "MoveToShow.Losses.ValueLoss.sum": {
            "value": 21130.719184027777,
            "min": 578.1769154866537,
            "max": 1157398.4166666665,
            "count": 651
        },
        "MoveToShow.Policy.LearningRate.mean": {
            "value": 0.0003,
            "min": 0.0003,
            "max": 0.0003000000000000001,
            "count": 651
        },
        "MoveToShow.Policy.LearningRate.sum": {
            "value": 0.0003,
            "min": 0.0003,
            "max": 0.0012,
            "count": 651
        },
        "MoveToShow.Policy.Epsilon.mean": {
            "value": 0.1,
            "min": 0.09999999999999996,
            "max": 0.10000000000000003,
            "count": 651
        },
        "MoveToShow.Policy.Epsilon.sum": {
            "value": 0.1,
            "min": 0.09999999999999996,
            "max": 0.39999999999999997,
            "count": 651
        },
        "MoveToShow.Policy.Beta.mean": {
            "value": 0.0005,
            "min": 0.0005,
            "max": 0.0005000000000000001,
            "count": 651
        },
        "MoveToShow.Policy.Beta.sum": {
            "value": 0.0005,
            "min": 0.0005,
            "max": 0.002,
            "count": 651
        },
        "MoveToShow.Environment.EpisodeLength.mean": {
            "value": 599.0,
            "min": 290.0,
            "max": 599.0,
            "count": 198
        },
        "MoveToShow.Environment.EpisodeLength.sum": {
            "value": 38935.0,
            "min": 290.0,
            "max": 306688.0,
            "count": 198
        },
        "MoveToShow.Environment.CumulativeReward.mean": {
            "value": -99.09356833091722,
            "min": -16316.986816157605,
            "max": 89.88520094007254,
            "count": 228
        },
        "MoveToShow.Environment.CumulativeReward.sum": {
            "value": -6441.081941509619,
            "min": -3551518.991519613,
            "max": 89.88520094007254,
            "count": 228
        },
        "MoveToShow.Policy.ExtrinsicReward.mean": {
            "value": -99.09356833091722,
            "min": -16316.986816157605,
            "max": 89.88520094007254,
            "count": 228
        },
        "MoveToShow.Policy.ExtrinsicReward.sum": {
            "value": -6441.081941509619,
            "min": -3551518.991519613,
            "max": 89.88520094007254,
            "count": 228
        }
    },
    "metadata": {
        "timer_format_version": "0.1.0",
        "start_time_seconds": "1647338314",
        "python_version": "3.7.9 (tags/v3.7.9:13c94747c7, Aug 17 2020, 18:58:18) [MSC v.1900 64 bit (AMD64)]",
        "command_line_arguments": "D:\\Unity Projects\\NeuralNetwork\\venv\\Scripts\\mlagents-learn config/movetoImitationNew.yaml --env=Builds/V4/NeuralNetwork --num-envs=20 --run-id=withColider23",
        "mlagents_version": "0.28.0",
        "mlagents_envs_version": "0.28.0",
        "communication_protocol_version": "1.5.0",
        "pytorch_version": "1.7.1+cu110",
        "numpy_version": "1.21.5",
        "end_time_seconds": "1647342616"
    },
    "total": 4302.253731299999,
    "count": 1,
    "self": 0.5116475999993781,
    "children": {
        "run_training.setup": {
            "total": 2.0409572999999996,
            "count": 1,
            "self": 2.0409572999999996
        },
        "TrainerController.start_learning": {
            "total": 4299.7011264,
            "count": 1,
            "self": 0.753079200004322,
            "children": {
                "TrainerController._reset_env": {
                    "total": 7.3972358,
                    "count": 1,
                    "self": 7.3972358
                },
                "TrainerController.advance": {
                    "total": 4291.475793399995,
                    "count": 12862,
                    "self": 0.40859709998949256,
                    "children": {
                        "env_step": {
                            "total": 1045.6661405000027,
                            "count": 12862,
                            "self": 528.9619383001217,
                            "children": {
                                "SubprocessEnvManager._take_step": {
                                    "total": 515.613780899872,
                                    "count": 222097,
                                    "self": 24.355462099886154,
                                    "children": {
                                        "TorchPolicy.evaluate": {
                                            "total": 491.2583187999859,
                                            "count": 222097,
                                            "self": 260.2792687999756,
                                            "children": {
                                                "TorchPolicy.sample_actions": {
                                                    "total": 230.97905000001026,
                                                    "count": 222097,
                                                    "self": 230.97905000001026
                                                }
                                            }
                                        }
                                    }
                                },
                                "workers": {
                                    "total": 1.0904213000090284,
                                    "count": 12862,
                                    "self": 0.0,
                                    "children": {
                                        "worker_root": {
                                            "total": 85857.23020730019,
                                            "count": 222095,
                                            "is_parallel": true,
                                            "self": 84278.3249995003,